"","diff","lwr","upr","p adj"
"Atlanta Falcons-Arizona Cardinals",-4.42857142857155,-17.3491248942393,8.49198203709623,0.999994234572917
"Baltimore Ravens-Arizona Cardinals",3.85714285714312,-9.06341060852466,16.7776963228109,0.999999772031382
"Buffalo Bills-Arizona Cardinals",-2.1428571428572,-15.063410608525,10.7776963228106,1
"Carolina Panthers-Arizona Cardinals",-3.66666666666665,-16.5872201323344,9.25388679900114,0.999999934361451
"Chicago Bears-Arizona Cardinals",-2.23809523809526,-15.158648703763,10.6824582275725,1
"Cincinnati Bengals-Arizona Cardinals",-3.47619047619064,-16.3967439418584,9.44436298947715,0.999999982854933
"Cleveland Browns-Arizona Cardinals",-3.04761904761908,-15.9681725132869,9.87293441804871,0.999999999445055
"Dallas Cowboys-Arizona Cardinals",2.14285714285716,-10.7776963228106,15.0634106085249,1
"Denver Broncos-Arizona Cardinals",0.714285714285744,-12.206267751382,13.6348391799535,1
"Detroit Lions-Arizona Cardinals",1.76190476190477,-11.158648703763,14.6824582275726,1
"Green Bay Packers-Arizona Cardinals",-0.809523809523803,-13.7300772751916,12.111029656144,1
"Houston Texans-Arizona Cardinals",0.761904761904795,-12.6862336599777,14.2100431837873,1
"Indianapolis Colts-Arizona Cardinals",-9.61904761904767,-22.5396010847155,3.30150584662012,0.555676010945427
"Jacksonville Jaguars-Arizona Cardinals",-4.42857142857147,-17.3491248942393,8.49198203709632,0.999994234572917
"Kansas City Chiefs-Arizona Cardinals",-2.33333333333331,-15.2538867990011,10.5872201323345,1
"Las Vegas Raiders-Arizona Cardinals",11.0952380952382,-1.82531537042963,24.0157915609059,0.237293564534486
"Los Angeles Chargers-Arizona Cardinals",0.571428571428577,-12.3491248942392,13.4919820370964,1
"Los Angeles Rams-Arizona Cardinals",0.999999999999993,-11.9205534656678,13.9205534656678,1
"Miami Dolphins-Arizona Cardinals",-3.9523809523809,-16.8729344180487,8.96817251328689,0.999999589282348
"Minnesota Vikings-Arizona Cardinals",-2.71428571428571,-15.6348391799535,10.2062677513821,0.999999999976044
"New England Patriots-Arizona Cardinals",-3.66666666666669,-16.5872201323345,9.25388679900109,0.999999934361451
"New Orleans Saints-Arizona Cardinals",-0.190476190476183,-13.111029656144,12.7300772751916,1
"New York Giants-Arizona Cardinals",-3.14285714285716,-16.0634106085249,9.77769632281063,0.999999998744691
"New York Jets-Arizona Cardinals",-4.95238095238089,-17.8729344180487,7.96817251328689,0.99993600215789
"Philadelphia Eagles-Arizona Cardinals",2.47619047619048,-10.4443629894773,15.3967439418583,0.999999999998316
"Pittsburgh Steelers-Arizona Cardinals",-4.1904761904762,-17.111029656144,8.73007727519159,0.999998366297398
"San Francisco 49ers-Arizona Cardinals",2.80952380952382,-10.111029656144,15.7300772751916,0.999999999938148
"Seattle Seahawks-Arizona Cardinals",0.761904761904766,-12.158648703763,13.6824582275726,1
"Tampa Bay Buccaneers-Arizona Cardinals",1.57142857142858,-11.3491248942392,14.4919820370964,1
"Tennessee Titans-Arizona Cardinals",1.52380952380953,-11.3967439418583,14.4443629894773,1
"Washington Football Team-Arizona Cardinals",-1.42857142857142,-14.3491248942392,11.4919820370964,1
"Baltimore Ravens-Atlanta Falcons",8.28571428571468,-4.63483917995311,21.2062677513825,0.845295757492643
"Buffalo Bills-Atlanta Falcons",2.28571428571436,-10.6348391799534,15.2062677513821,1
"Carolina Panthers-Atlanta Falcons",0.761904761904901,-12.1586487037629,13.6824582275727,1
"Chicago Bears-Atlanta Falcons",2.19047619047629,-10.7300772751915,15.1110296561441,1
"Cincinnati Bengals-Atlanta Falcons",0.952380952380913,-11.9681725132869,13.8729344180487,1
"Cleveland Browns-Atlanta Falcons",1.38095238095247,-11.5396010847153,14.3015058466203,1
"Dallas Cowboys-Atlanta Falcons",6.57142857142871,-6.34912489423907,19.4919820370965,0.990124445076259
"Denver Broncos-Atlanta Falcons",5.1428571428573,-7.77769632281049,18.0634106085251,0.999862506676476
"Detroit Lions-Atlanta Falcons",6.19047619047632,-6.73007727519146,19.1110296561441,0.996070530251886
"Green Bay Packers-Atlanta Falcons",3.61904761904775,-9.30150584662004,16.5396010847155,0.999999952627506
"Houston Texans-Atlanta Falcons",5.19047619047635,-8.25766223140612,18.6386146123588,0.999926204778756
"Indianapolis Colts-Atlanta Falcons",-5.19047619047612,-18.1110296561439,7.73007727519167,0.999834925551997
"Jacksonville Jaguars-Atlanta Falcons",8.5265128291212e-14,-12.9205534656677,12.9205534656679,1
"Kansas City Chiefs-Atlanta Falcons",2.09523809523824,-10.8253153704295,15.015791560906,1
"Las Vegas Raiders-Atlanta Falcons",15.5238095238097,2.60325605814193,28.4443629894775,0.00254413279300614
"Los Angeles Chargers-Atlanta Falcons",5.00000000000013,-7.92055346566766,17.9205534656679,0.999922120310931
"Los Angeles Rams-Atlanta Falcons",5.42857142857154,-7.49198203709624,18.3491248942393,0.99960726183115
"Miami Dolphins-Atlanta Falcons",0.476190476190652,-12.4443629894771,13.3967439418584,1
"Minnesota Vikings-Atlanta Falcons",1.71428571428584,-11.2062677513819,14.6348391799536,1
"New England Patriots-Atlanta Falcons",0.761904761904859,-12.1586487037629,13.6824582275726,1
"New Orleans Saints-Atlanta Falcons",4.23809523809537,-8.68245822757242,17.1586487037632,0.999997878255837
"New York Giants-Atlanta Falcons",1.28571428571439,-11.6348391799534,14.2062677513822,1
"New York Jets-Atlanta Falcons",-0.523809523809341,-13.4443629894771,12.3967439418584,1
"Philadelphia Eagles-Atlanta Falcons",6.90476190476203,-6.01579156090575,19.8253153704298,0.980117744039279
"Pittsburgh Steelers-Atlanta Falcons",0.238095238095354,-12.6824582275724,13.1586487037631,1
"San Francisco 49ers-Atlanta Falcons",7.23809523809537,-5.68245822757242,20.1586487037632,0.96336903379895
"Seattle Seahawks-Atlanta Falcons",5.19047619047632,-7.73007727519147,18.1110296561441,0.999834925551996
"Tampa Bay Buccaneers-Atlanta Falcons",6.00000000000014,-6.92055346566765,18.9205534656679,0.99765117598428
"Tennessee Titans-Atlanta Falcons",5.95238095238108,-6.96817251328671,18.8729344180489,0.997947071422757
"Washington Football Team-Atlanta Falcons",3.00000000000014,-9.92055346566765,15.9205534656679,0.999999999635653
"Buffalo Bills-Baltimore Ravens",-6.00000000000032,-18.9205534656681,6.92055346566747,0.997651175984279
"Carolina Panthers-Baltimore Ravens",-7.52380952380977,-20.4443629894776,5.39674394185801,0.941963819648338
"Chicago Bears-Baltimore Ravens",-6.09523809523839,-19.0157915609062,6.8253153704294,0.996947583865267
"Cincinnati Bengals-Baltimore Ravens",-7.33333333333376,-20.2538867990015,5.58722013233402,0.957029958204239
"Cleveland Browns-Baltimore Ravens",-6.9047619047622,-19.82531537043,6.01579156090558,0.980117744039272
"Dallas Cowboys-Baltimore Ravens",-1.71428571428596,-14.6348391799537,11.2062677513818,1
"Denver Broncos-Baltimore Ravens",-3.14285714285738,-16.0634106085252,9.7776963228104,0.999999998744691
"Detroit Lions-Baltimore Ravens",-2.09523809523835,-15.0157915609061,10.8253153704294,1
"Green Bay Packers-Baltimore Ravens",-4.66666666666693,-17.5872201323347,8.25388679900086,0.999981741221003
"Houston Texans-Baltimore Ravens",-3.09523809523833,-16.5433765171208,10.3529003266441,0.999999999711998
"Indianapolis Colts-Baltimore Ravens",-13.4761904761908,-26.3967439418586,-0.555637010523009,0.0283265541586832
"Jacksonville Jaguars-Baltimore Ravens",-8.28571428571459,-21.2062677513824,4.63483917995319,0.845295757492658
"Kansas City Chiefs-Baltimore Ravens",-6.19047619047644,-19.1110296561442,6.73007727519135,0.996070530251884
"Las Vegas Raiders-Baltimore Ravens",7.23809523809503,-5.68245822757275,20.1586487037628,0.963369033798971
"Los Angeles Chargers-Baltimore Ravens",-3.28571428571455,-16.2062677513823,9.63483917995324,0.999999995977155
"Los Angeles Rams-Baltimore Ravens",-2.85714285714313,-15.7776963228109,10.0634106085247,0.99999999990226
"Miami Dolphins-Baltimore Ravens",-7.80952380952402,-20.7300772751918,5.11102965614376,0.912807482877303
"Minnesota Vikings-Baltimore Ravens",-6.57142857142883,-19.4919820370966,6.34912489423895,0.990124445076256
"New England Patriots-Baltimore Ravens",-7.52380952380982,-20.4443629894776,5.39674394185797,0.941963819648334
"New Orleans Saints-Baltimore Ravens",-4.04761904761931,-16.9681725132871,8.87293441804848,0.999999275595138
"New York Giants-Baltimore Ravens",-7.00000000000028,-19.9205534656681,5.9205534656675,0.976119860561689
"New York Jets-Baltimore Ravens",-8.80952380952402,-21.7300772751918,4.11102965614377,0.744977949381955
"Philadelphia Eagles-Baltimore Ravens",-1.38095238095264,-14.3015058466204,11.5396010847151,1
"Pittsburgh Steelers-Baltimore Ravens",-8.04761904761932,-20.9681725132871,4.87293441804846,0.88204939866188
"San Francisco 49ers-Baltimore Ravens",-1.04761904761931,-13.9681725132871,11.8729344180485,1
"Seattle Seahawks-Baltimore Ravens",-3.09523809523836,-16.0157915609061,9.82531537042943,0.9999999991619
"Tampa Bay Buccaneers-Baltimore Ravens",-2.28571428571454,-15.2062677513823,10.6348391799532,1
"Tennessee Titans-Baltimore Ravens",-2.3333333333336,-15.2538867990014,10.5872201323342,1
"Washington Football Team-Baltimore Ravens",-5.28571428571454,-18.2062677513823,7.63483917995324,0.999764336312862
"Carolina Panthers-Buffalo Bills",-1.52380952380945,-14.4443629894772,11.3967439418583,1
"Chicago Bears-Buffalo Bills",-0.0952380952380665,-13.0157915609059,12.8253153704297,1
"Cincinnati Bengals-Buffalo Bills",-1.33333333333344,-14.2538867990012,11.5872201323343,1
"Cleveland Browns-Buffalo Bills",-0.904761904761884,-13.8253153704297,12.0157915609059,1
"Dallas Cowboys-Buffalo Bills",4.28571428571436,-8.63483917995343,17.2062677513821,0.999997257296907
"Denver Broncos-Buffalo Bills",2.85714285714294,-10.0634106085248,15.7776963228107,0.99999999990226
"Detroit Lions-Buffalo Bills",3.90476190476197,-9.01579156090582,16.8253153704298,0.999999693176751
"Green Bay Packers-Buffalo Bills",1.33333333333339,-11.5872201323344,14.2538867990012,1
"Houston Texans-Buffalo Bills",2.90476190476199,-10.5433765171205,16.3529003266445,0.999999999948502
"Indianapolis Colts-Buffalo Bills",-7.47619047619047,-20.3967439418583,5.44436298947731,0.946042464468891
"Jacksonville Jaguars-Buffalo Bills",-2.28571428571427,-15.2062677513821,10.6348391799535,1
"Kansas City Chiefs-Buffalo Bills",-0.190476190476119,-13.1110296561439,12.7300772751917,1
"Las Vegas Raiders-Buffalo Bills",13.2380952380954,0.317541772427569,26.1586487037631,0.0363131404313221
"Los Angeles Chargers-Buffalo Bills",2.71428571428577,-10.206267751382,15.6348391799536,0.999999999976044
"Los Angeles Rams-Buffalo Bills",3.14285714285719,-9.7776963228106,16.063410608525,0.999999998744691
"Miami Dolphins-Buffalo Bills",-1.8095238095237,-14.7300772751915,11.1110296561441,1
"Minnesota Vikings-Buffalo Bills",-0.571428571428513,-13.4919820370963,12.3491248942393,1
"New England Patriots-Buffalo Bills",-1.5238095238095,-14.4443629894773,11.3967439418583,1
"New Orleans Saints-Buffalo Bills",1.95238095238101,-10.9681725132868,14.8729344180488,1
"New York Giants-Buffalo Bills",-0.999999999999964,-13.9205534656677,11.9205534656678,1
"New York Jets-Buffalo Bills",-2.8095238095237,-15.7300772751915,10.1110296561441,0.999999999938148
"Philadelphia Eagles-Buffalo Bills",4.61904761904768,-8.30150584662011,17.5396010847155,0.999985381894886
"Pittsburgh Steelers-Buffalo Bills",-2.047619047619,-14.9681725132868,10.8729344180488,1
"San Francisco 49ers-Buffalo Bills",4.95238095238101,-7.96817251328677,17.8729344180488,0.99993600215789
"Seattle Seahawks-Buffalo Bills",2.90476190476196,-10.0157915609058,15.8253153704297,0.999999999847054
"Tampa Bay Buccaneers-Buffalo Bills",3.71428571428578,-9.20626775138201,16.6348391799536,0.999999909603718
"Tennessee Titans-Buffalo Bills",3.66666666666672,-9.25388679900106,16.5872201323345,0.999999934361451
"Washington Football Team-Buffalo Bills",0.714285714285779,-12.206267751382,13.6348391799536,1
"Chicago Bears-Carolina Panthers",1.42857142857139,-11.4919820370964,14.3491248942392,1
"Cincinnati Bengals-Carolina Panthers",0.190476190476012,-12.7300772751918,13.1110296561438,1
"Cleveland Browns-Carolina Panthers",0.619047619047571,-12.3015058466202,13.5396010847154,1
"Dallas Cowboys-Carolina Panthers",5.80952380952381,-7.11102965614397,18.7300772751916,0.998649738941727
"Denver Broncos-Carolina Panthers",4.38095238095239,-8.53960108471539,17.3015058466202,0.999995479263994
"Detroit Lions-Carolina Panthers",5.42857142857142,-7.49198203709636,18.3491248942392,0.99960726183115
"Green Bay Packers-Carolina Panthers",2.85714285714285,-10.0634106085249,15.7776963228106,0.99999999990226
"Houston Texans-Carolina Panthers",4.42857142857144,-9.01956699331102,17.8767098504539,0.999997676668927
"Indianapolis Colts-Carolina Panthers",-5.95238095238102,-18.8729344180488,6.96817251328677,0.997947071422758
"Jacksonville Jaguars-Carolina Panthers",-0.761904761904816,-13.6824582275726,12.158648703763,1
"Kansas City Chiefs-Carolina Panthers",1.33333333333334,-11.5872201323344,14.2538867990011,1
"Las Vegas Raiders-Carolina Panthers",14.7619047619048,1.84135129623702,27.6824582275726,0.00658458631534142
"Los Angeles Chargers-Carolina Panthers",4.23809523809523,-8.68245822757256,17.158648703763,0.999997878255837
"Los Angeles Rams-Carolina Panthers",4.66666666666664,-8.25388679900114,17.5872201323344,0.999981741221003
"Miami Dolphins-Carolina Panthers",-0.285714285714249,-13.206267751382,12.6348391799535,1
"Minnesota Vikings-Carolina Panthers",0.952380952380942,-11.9681725132868,13.8729344180487,1
"New England Patriots-Carolina Panthers",-4.2632564145606e-14,-12.9205534656678,12.9205534656677,1
"New Orleans Saints-Carolina Panthers",3.47619047619047,-9.44436298947732,16.3967439418583,0.999999982854933
"New York Giants-Carolina Panthers",0.52380952380949,-12.3967439418583,13.4443629894773,1
"New York Jets-Carolina Panthers",-1.28571428571424,-14.206267751382,11.6348391799535,1
"Philadelphia Eagles-Carolina Panthers",6.14285714285713,-6.77769632281065,19.0634106085249,0.996532682544419
"Pittsburgh Steelers-Carolina Panthers",-0.523809523809547,-13.4443629894773,12.3967439418582,1
"San Francisco 49ers-Carolina Panthers",6.47619047619047,-6.44436298947732,19.3967439418583,0.992055881699567
"Seattle Seahawks-Carolina Panthers",4.42857142857142,-8.49198203709637,17.3491248942392,0.999994234572917
"Tampa Bay Buccaneers-Carolina Panthers",5.23809523809523,-7.68245822757255,18.158648703763,0.999802450663869
"Tennessee Titans-Carolina Panthers",5.19047619047618,-7.73007727519161,18.111029656144,0.999834925551997
"Washington Football Team-Carolina Panthers",2.23809523809523,-10.6824582275726,15.158648703763,1
"Cincinnati Bengals-Chicago Bears",-1.23809523809538,-14.1586487037632,11.6824582275724,1
"Cleveland Browns-Chicago Bears",-0.809523809523817,-13.7300772751916,12.111029656144,1
"Dallas Cowboys-Chicago Bears",4.38095238095242,-8.53960108471536,17.3015058466202,0.999995479263994
"Denver Broncos-Chicago Bears",2.95238095238101,-9.96817251328678,15.8729344180488,0.99999999976287
"Detroit Lions-Chicago Bears",4.00000000000004,-8.92055346566775,16.9205534656678,0.999999453120914
"Green Bay Packers-Chicago Bears",1.42857142857146,-11.4919820370963,14.3491248942392,1
"Houston Texans-Chicago Bears",3.00000000000006,-10.4481384218824,16.4481384218825,0.999999999876022
"Indianapolis Colts-Chicago Bears",-7.38095238095241,-20.3015058466202,5.53960108471538,0.953570277415306
"Jacksonville Jaguars-Chicago Bears",-2.1904761904762,-15.111029656144,10.7300772751916,1
"Kansas City Chiefs-Chicago Bears",-0.0952380952380523,-13.0157915609058,12.8253153704297,1
"Las Vegas Raiders-Chicago Bears",13.3333333333334,0.412779867665636,26.2538867990012,0.0329072420341203
"Los Angeles Chargers-Chicago Bears",2.80952380952384,-10.1110296561439,15.7300772751916,0.999999999938148
"Los Angeles Rams-Chicago Bears",3.23809523809526,-9.68245822757253,16.158648703763,0.999999997250325
"Miami Dolphins-Chicago Bears",-1.71428571428564,-14.6348391799534,11.2062677513821,1
"Minnesota Vikings-Chicago Bears",-0.476190476190446,-13.3967439418582,12.4443629894773,1
"New England Patriots-Chicago Bears",-1.42857142857143,-14.3491248942392,11.4919820370964,1
"New Orleans Saints-Chicago Bears",2.04761904761908,-10.8729344180487,14.9681725132869,1
"New York Giants-Chicago Bears",-0.904761904761898,-13.8253153704297,12.0157915609059,1
"New York Jets-Chicago Bears",-2.71428571428563,-15.6348391799534,10.2062677513822,0.999999999976044
"Philadelphia Eagles-Chicago Bears",4.71428571428574,-8.20626775138204,17.6348391799535,0.999977283330845
"Pittsburgh Steelers-Chicago Bears",-1.95238095238093,-14.8729344180487,10.9681725132869,1
"San Francisco 49ers-Chicago Bears",5.04761904761908,-7.87293441804871,17.9681725132869,0.999905554964556
"Seattle Seahawks-Chicago Bears",3.00000000000003,-9.92055346566776,15.9205534656678,0.999999999635653
"Tampa Bay Buccaneers-Chicago Bears",3.80952380952385,-9.11102965614394,16.7300772751916,0.999999831557735
"Tennessee Titans-Chicago Bears",3.76190476190479,-9.158648703763,16.6824582275726,0.99999987624529
"Washington Football Team-Chicago Bears",0.809523809523846,-12.1110296561439,13.7300772751916,1
"Cleveland Browns-Cincinnati Bengals",0.428571428571558,-12.4919820370962,13.3491248942393,1
"Dallas Cowboys-Cincinnati Bengals",5.6190476190478,-7.30150584661999,18.5396010847156,0.999255424739698
"Denver Broncos-Cincinnati Bengals",4.19047619047638,-8.7300772751914,17.1110296561442,0.999998366297398
"Detroit Lions-Cincinnati Bengals",5.23809523809541,-7.68245822757237,18.1586487037632,0.999802450663869
"Green Bay Packers-Cincinnati Bengals",2.66666666666683,-10.253886799001,15.5872201323346,0.999999999985378
"Houston Texans-Cincinnati Bengals",4.23809523809543,-9.21004318378703,17.6862336599779,0.999999165924052
"Indianapolis Colts-Cincinnati Bengals",-6.14285714285703,-19.0634106085248,6.77769632281075,0.99653268254442
"Jacksonville Jaguars-Cincinnati Bengals",-0.952380952380828,-13.8729344180486,11.968172513287,1
"Kansas City Chiefs-Cincinnati Bengals",1.14285714285732,-11.7776963228105,14.0634106085251,1
"Las Vegas Raiders-Cincinnati Bengals",14.5714285714288,1.65087510576101,27.4919820370966,0.00827148452453241
"Los Angeles Chargers-Cincinnati Bengals",4.04761904761921,-8.87293441804857,16.968172513287,0.999999275595138
"Los Angeles Rams-Cincinnati Bengals",4.47619047619063,-8.44436298947715,17.3967439418584,0.999992678918821
"Miami Dolphins-Cincinnati Bengals",-0.476190476190261,-13.396743941858,12.4443629894775,1
"Minnesota Vikings-Cincinnati Bengals",0.76190476190493,-12.1586487037629,13.6824582275727,1
"New England Patriots-Cincinnati Bengals",-0.190476190476055,-13.1110296561438,12.7300772751917,1
"New Orleans Saints-Cincinnati Bengals",3.28571428571446,-9.63483917995333,16.2062677513822,0.999999995977155
"New York Giants-Cincinnati Bengals",0.333333333333478,-12.5872201323343,13.2538867990013,1
"New York Jets-Cincinnati Bengals",-1.47619047619025,-14.396743941858,11.4443629894775,1
"Philadelphia Eagles-Cincinnati Bengals",5.95238095238112,-6.96817251328667,18.8729344180489,0.997947071422757
"Pittsburgh Steelers-Cincinnati Bengals",-0.714285714285559,-13.6348391799533,12.2062677513822,1
"San Francisco 49ers-Cincinnati Bengals",6.28571428571446,-6.63483917995333,19.2062677513822,0.994987558827047
"Seattle Seahawks-Cincinnati Bengals",4.2380952380954,-8.68245822757238,17.1586487037632,0.999997878255837
"Tampa Bay Buccaneers-Cincinnati Bengals",5.04761904761922,-7.87293441804856,17.968172513287,0.999905554964556
"Tennessee Titans-Cincinnati Bengals",5.00000000000016,-7.92055346566762,17.920553465668,0.999922120310931
"Washington Football Team-Cincinnati Bengals",2.04761904761922,-10.8729344180486,14.968172513287,1
"Dallas Cowboys-Cleveland Browns",5.19047619047624,-7.73007727519155,18.111029656144,0.999834925551996
"Denver Broncos-Cleveland Browns",3.76190476190482,-9.15864870376296,16.6824582275726,0.99999987624529
"Detroit Lions-Cleveland Browns",4.80952380952385,-8.11102965614393,17.7300772751916,0.999965239002829
"Green Bay Packers-Cleveland Browns",2.23809523809528,-10.6824582275725,15.1586487037631,1
"Houston Texans-Cleveland Browns",3.80952380952387,-9.63861461235859,17.2576622314063,0.999999937236991
"Indianapolis Colts-Cleveland Browns",-6.57142857142859,-19.4919820370964,6.34912489423919,0.990124445076261
"Jacksonville Jaguars-Cleveland Browns",-1.38095238095239,-14.3015058466202,11.5396010847154,1
"Kansas City Chiefs-Cleveland Browns",0.714285714285765,-12.206267751382,13.6348391799536,1
"Las Vegas Raiders-Cleveland Browns",14.1428571428572,1.22230367718945,27.063410608525,0.0136154778399511
"Los Angeles Chargers-Cleveland Browns",3.61904761904766,-9.30150584662013,16.5396010847154,0.999999952627506
"Los Angeles Rams-Cleveland Browns",4.04761904761907,-8.87293441804871,16.9681725132869,0.999999275595138
"Miami Dolphins-Cleveland Browns",-0.90476190476182,-13.8253153704296,12.015791560906,1
"Minnesota Vikings-Cleveland Browns",0.333333333333371,-12.5872201323344,13.2538867990012,1
"New England Patriots-Cleveland Browns",-0.619047619047613,-13.5396010847154,12.3015058466202,1
"New Orleans Saints-Cleveland Browns",2.8571428571429,-10.0634106085249,15.7776963228107,0.99999999990226
"New York Giants-Cleveland Browns",-0.0952380952380807,-13.0157915609059,12.8253153704297,1
"New York Jets-Cleveland Browns",-1.90476190476181,-14.8253153704296,11.015791560906,1
"Philadelphia Eagles-Cleveland Browns",5.52380952380956,-7.39674394185822,18.4443629894773,0.999456126234725
"Pittsburgh Steelers-Cleveland Browns",-1.14285714285712,-14.0634106085249,11.7776963228107,1
"San Francisco 49ers-Cleveland Browns",5.8571428571429,-7.06341060852489,18.7776963228107,0.998443407028262
"Seattle Seahawks-Cleveland Browns",3.80952380952385,-9.11102965614394,16.7300772751916,0.999999831557735
"Tampa Bay Buccaneers-Cleveland Browns",4.61904761904766,-8.30150584662012,17.5396010847154,0.999985381894886
"Tennessee Titans-Cleveland Browns",4.5714285714286,-8.34912489423918,17.4919820370964,0.999988343440115
"Washington Football Team-Cleveland Browns",1.61904761904766,-11.3015058466201,14.5396010847154,1
"Denver Broncos-Dallas Cowboys",-1.42857142857142,-14.3491248942392,11.4919820370964,1
"Detroit Lions-Dallas Cowboys",-0.380952380952387,-13.3015058466202,12.5396010847154,1
"Green Bay Packers-Dallas Cowboys",-2.95238095238096,-15.8729344180487,9.96817251328682,0.99999999976287
"Houston Texans-Dallas Cowboys",-1.38095238095237,-14.8290908028348,12.0671860409301,1
"Indianapolis Colts-Dallas Cowboys",-11.7619047619048,-24.6824582275726,1.15864870376295,0.142563955702047
"Jacksonville Jaguars-Dallas Cowboys",-6.57142857142863,-19.4919820370964,6.34912489423916,0.99012444507626
"Kansas City Chiefs-Dallas Cowboys",-4.47619047619047,-17.3967439418583,8.44436298947731,0.999992678918821
"Las Vegas Raiders-Dallas Cowboys",8.952380952381,-3.96817251328679,21.8729344180488,0.713735764824851
"Los Angeles Chargers-Dallas Cowboys",-1.57142857142858,-14.4919820370964,11.3491248942392,1
"Los Angeles Rams-Dallas Cowboys",-1.14285714285717,-14.063410608525,11.7776963228106,1
"Miami Dolphins-Dallas Cowboys",-6.09523809523806,-19.0157915609058,6.82531537042973,0.99694758386527
"Minnesota Vikings-Dallas Cowboys",-4.85714285714287,-17.7776963228107,8.06341060852492,0.999957241023215
"New England Patriots-Dallas Cowboys",-5.80952380952385,-18.7300772751916,7.11102965614393,0.998649738941727
"New Orleans Saints-Dallas Cowboys",-2.33333333333334,-15.2538867990011,10.5872201323344,1
"New York Giants-Dallas Cowboys",-5.28571428571432,-18.2062677513821,7.63483917995346,0.999764336312862
"New York Jets-Dallas Cowboys",-7.09523809523805,-20.0157915609058,5.82531537042973,0.971518459268694
"Philadelphia Eagles-Dallas Cowboys",0.333333333333321,-12.5872201323345,13.2538867990011,1
"Pittsburgh Steelers-Dallas Cowboys",-6.33333333333336,-19.2538867990011,6.58722013233443,0.994357712731943
"San Francisco 49ers-Dallas Cowboys",0.666666666666657,-12.2538867990011,13.5872201323344,1
"Seattle Seahawks-Dallas Cowboys",-1.38095238095239,-14.3015058466202,11.5396010847154,1
"Tampa Bay Buccaneers-Dallas Cowboys",-0.571428571428577,-13.4919820370964,12.3491248942392,1
"Tennessee Titans-Dallas Cowboys",-0.619047619047635,-13.5396010847154,12.3015058466202,1
"Washington Football Team-Dallas Cowboys",-3.57142857142858,-16.4919820370964,9.34912489423921,0.999999966022658
"Detroit Lions-Denver Broncos",1.04761904761903,-11.8729344180488,13.9681725132868,1
"Green Bay Packers-Denver Broncos",-1.52380952380955,-14.4443629894773,11.3967439418582,1
"Houston Texans-Denver Broncos",0.047619047619051,-13.4005193742634,13.4957574695015,1
"Indianapolis Colts-Denver Broncos",-10.3333333333334,-23.2538867990012,2.58722013233437,0.387013111605151
"Jacksonville Jaguars-Denver Broncos",-5.14285714285721,-18.063410608525,7.77769632281058,0.999862506676476
"Kansas City Chiefs-Denver Broncos",-3.04761904761906,-15.9681725132868,9.87293441804873,0.999999999445055
"Las Vegas Raiders-Denver Broncos",10.3809523809524,-2.53960108471537,23.3015058466202,0.376511053855563
"Los Angeles Chargers-Denver Broncos",-0.142857142857167,-13.063410608525,12.7776963228106,1
"Los Angeles Rams-Denver Broncos",0.285714285714249,-12.6348391799535,13.206267751382,1
"Miami Dolphins-Denver Broncos",-4.66666666666664,-17.5872201323344,8.25388679900114,0.999981741221003
"Minnesota Vikings-Denver Broncos",-3.42857142857145,-16.3491248942392,9.49198203709633,0.999999987941665
"New England Patriots-Denver Broncos",-4.38095238095244,-17.3015058466202,8.53960108471535,0.999995479263994
"New Orleans Saints-Denver Broncos",-0.904761904761926,-13.8253153704297,12.0157915609059,1
"New York Giants-Denver Broncos",-3.8571428571429,-16.7776963228107,9.06341060852488,0.999999772031382
"New York Jets-Denver Broncos",-5.66666666666664,-18.5872201323344,7.25388679900115,0.999132447898579
"Philadelphia Eagles-Denver Broncos",1.76190476190474,-11.158648703763,14.6824582275725,1
"Pittsburgh Steelers-Denver Broncos",-4.90476190476194,-17.8253153704297,8.01579156090584,0.999947594657193
"San Francisco 49ers-Denver Broncos",2.09523809523807,-10.8253153704297,15.0157915609059,1
"Seattle Seahawks-Denver Broncos",0.0476190476190226,-12.8729344180488,12.9681725132868,1
"Tampa Bay Buccaneers-Denver Broncos",0.85714285714284,-12.0634106085249,13.7776963228106,1
"Tennessee Titans-Denver Broncos",0.809523809523782,-12.111029656144,13.7300772751916,1
"Washington Football Team-Denver Broncos",-2.14285714285716,-15.0634106085249,10.7776963228106,1
"Green Bay Packers-Detroit Lions",-2.57142857142858,-15.4919820370964,10.3491248942392,0.999999999994719
"Houston Texans-Detroit Lions",-0.999999999999979,-14.4481384218824,12.4481384218825,1
"Indianapolis Colts-Detroit Lions",-11.3809523809524,-24.3015058466202,1.53960108471534,0.19245535464892
"Jacksonville Jaguars-Detroit Lions",-6.19047619047624,-19.111029656144,6.73007727519155,0.996070530251886
"Kansas City Chiefs-Detroit Lions",-4.09523809523809,-17.0157915609059,8.8253153704297,0.999999045312701
"Las Vegas Raiders-Detroit Lions",9.33333333333339,-3.5872201323344,22.2538867990012,0.625006194448808
"Los Angeles Chargers-Detroit Lions",-1.1904761904762,-14.111029656144,11.7300772751916,1
"Los Angeles Rams-Detroit Lions",-0.761904761904781,-13.6824582275726,12.158648703763,1
"Miami Dolphins-Detroit Lions",-5.71428571428567,-18.6348391799535,7.20626775138211,0.998991916158356
"Minnesota Vikings-Detroit Lions",-4.47619047619048,-17.3967439418583,8.4443629894773,0.999992678918821
"New England Patriots-Detroit Lions",-5.42857142857147,-18.3491248942393,7.49198203709632,0.99960726183115
"New Orleans Saints-Detroit Lions",-1.95238095238096,-14.8729344180487,10.9681725132868,1
"New York Giants-Detroit Lions",-4.90476190476193,-17.8253153704297,8.01579156090585,0.999947594657193
"New York Jets-Detroit Lions",-6.71428571428567,-19.6348391799535,6.20626775138212,0.98651666571648
"Philadelphia Eagles-Detroit Lions",0.714285714285708,-12.2062677513821,13.6348391799535,1
"Pittsburgh Steelers-Detroit Lions",-5.95238095238097,-18.8729344180488,6.96817251328681,0.997947071422758
"San Francisco 49ers-Detroit Lions",1.04761904761904,-11.8729344180487,13.9681725132868,1
"Seattle Seahawks-Detroit Lions",-1.00000000000001,-13.9205534656678,11.9205534656678,1
"Tampa Bay Buccaneers-Detroit Lions",-0.19047619047619,-13.111029656144,12.7300772751916,1
"Tennessee Titans-Detroit Lions",-0.238095238095248,-13.158648703763,12.6824582275725,1
"Washington Football Team-Detroit Lions",-3.19047619047619,-16.111029656144,9.7300772751916,0.999999998134844
"Houston Texans-Green Bay Packers",1.5714285714286,-11.8767098504539,15.0195669933111,1
"Indianapolis Colts-Green Bay Packers",-8.80952380952387,-21.7300772751917,4.11102965614392,0.744977949381987
"Jacksonville Jaguars-Green Bay Packers",-3.61904761904766,-16.5396010847154,9.30150584662012,0.999999952627506
"Kansas City Chiefs-Green Bay Packers",-1.52380952380951,-14.4443629894773,11.3967439418583,1
"Las Vegas Raiders-Green Bay Packers",11.904761904762,-1.01579156090582,24.8253153704297,0.126638690572681
"Los Angeles Chargers-Green Bay Packers",1.38095238095238,-11.5396010847154,14.3015058466202,1
"Los Angeles Rams-Green Bay Packers",1.8095238095238,-11.111029656144,14.7300772751916,1
"Miami Dolphins-Green Bay Packers",-3.1428571428571,-16.0634106085249,9.77769632281069,0.999999998744691
"Minnesota Vikings-Green Bay Packers",-1.90476190476191,-14.8253153704297,11.0157915609059,1
"New England Patriots-Green Bay Packers",-2.85714285714289,-15.7776963228107,10.0634106085249,0.99999999990226
"New Orleans Saints-Green Bay Packers",0.61904761904762,-12.3015058466202,13.5396010847154,1
"New York Giants-Green Bay Packers",-2.33333333333336,-15.2538867990011,10.5872201323344,1
"New York Jets-Green Bay Packers",-4.14285714285709,-17.0634106085249,8.7776963228107,0.999998748079358
"Philadelphia Eagles-Green Bay Packers",3.28571428571428,-9.6348391799535,16.2062677513821,0.999999995977155
"Pittsburgh Steelers-Green Bay Packers",-3.38095238095239,-16.3015058466202,9.53960108471539,0.99999999157725
"San Francisco 49ers-Green Bay Packers",3.61904761904762,-9.30150584662016,16.5396010847154,0.999999952627506
"Seattle Seahawks-Green Bay Packers",1.57142857142857,-11.3491248942392,14.4919820370964,1
"Tampa Bay Buccaneers-Green Bay Packers",2.38095238095239,-10.5396010847154,15.3015058466202,1
"Tennessee Titans-Green Bay Packers",2.33333333333333,-10.5872201323345,15.2538867990011,1
"Washington Football Team-Green Bay Packers",-0.619047619047613,-13.5396010847154,12.3015058466202,1
"Indianapolis Colts-Houston Texans",-10.3809523809525,-23.8290908028349,3.06718604093,0.469945363475603
"Jacksonville Jaguars-Houston Texans",-5.19047619047626,-18.6386146123587,8.25766223140621,0.999926204778756
"Kansas City Chiefs-Houston Texans",-3.09523809523811,-16.5433765171206,10.3529003266444,0.999999999711998
"Las Vegas Raiders-Houston Texans",10.3333333333334,-3.1148050885491,23.7814717552158,0.480859343134357
"Los Angeles Chargers-Houston Texans",-0.190476190476218,-13.6386146123587,13.2576622314062,1
"Los Angeles Rams-Houston Texans",0.238095238095198,-13.2100431837873,13.6862336599777,1
"Miami Dolphins-Houston Texans",-4.71428571428569,-18.1624241361682,8.73385270759677,0.999990489752395
"Minnesota Vikings-Houston Texans",-3.4761904761905,-16.924328898073,9.97194794569196,0.999999993857085
"New England Patriots-Houston Texans",-4.42857142857149,-17.876709850454,9.01956699331098,0.999997676668927
"New Orleans Saints-Houston Texans",-0.952380952380977,-14.4005193742634,12.4957574695015,1
"New York Giants-Houston Texans",-3.90476190476195,-17.3529003266444,9.54337651712051,0.999999884339848
"New York Jets-Houston Texans",-5.71428571428569,-19.1624241361682,7.73385270759678,0.999514664753959
"Philadelphia Eagles-Houston Texans",1.71428571428569,-11.7338527075968,15.1624241361682,1
"Pittsburgh Steelers-Houston Texans",-4.95238095238099,-18.4005193742635,8.49575746950148,0.999972321436293
"San Francisco 49ers-Houston Texans",2.04761904761902,-11.4005193742634,15.4957574695015,1
"Seattle Seahawks-Houston Texans",-2.8421709430404e-14,-13.4481384218825,13.4481384218824,1
"Tampa Bay Buccaneers-Houston Texans",0.809523809523789,-12.6386146123587,14.2576622314063,1
"Tennessee Titans-Houston Texans",0.761904761904731,-12.6862336599777,14.2100431837872,1
"Washington Football Team-Houston Texans",-2.19047619047621,-15.6386146123587,11.2576622314063,1
"Jacksonville Jaguars-Indianapolis Colts",5.1904761904762,-7.73007727519158,18.111029656144,0.999834925551996
"Kansas City Chiefs-Indianapolis Colts",7.28571428571436,-5.63483917995343,20.2062677513821,0.960294216937936
"Las Vegas Raiders-Indianapolis Colts",20.7142857142858,7.79373224861804,33.6348391799536,9.59369599762283e-07
"Los Angeles Chargers-Indianapolis Colts",10.1904761904762,-2.73007727519154,23.111029656144,0.419253276162578
"Los Angeles Rams-Indianapolis Colts",10.6190476190477,-2.30150584662012,23.5396010847154,0.326090166986313
"Miami Dolphins-Indianapolis Colts",5.66666666666677,-7.25388679900101,18.5872201323346,0.999132447898579
"Minnesota Vikings-Indianapolis Colts",6.90476190476196,-6.01579156090582,19.8253153704297,0.980117744039281
"New England Patriots-Indianapolis Colts",5.95238095238098,-6.96817251328681,18.8729344180488,0.997947071422758
"New Orleans Saints-Indianapolis Colts",9.42857142857149,-3.4919820370963,22.3491248942393,0.602023536568103
"New York Giants-Indianapolis Colts",6.47619047619051,-6.44436298947728,19.3967439418583,0.992055881699566
"New York Jets-Indianapolis Colts",4.66666666666678,-8.25388679900101,17.5872201323346,0.999981741221003
"Philadelphia Eagles-Indianapolis Colts",12.0952380952382,-0.825315370429633,25.0157915609059,0.107611878448624
"Pittsburgh Steelers-Indianapolis Colts",5.42857142857147,-7.49198203709631,18.3491248942393,0.99960726183115
"San Francisco 49ers-Indianapolis Colts",12.4285714285715,-0.491982037096298,25.3491248942393,0.0798874731055184
"Seattle Seahawks-Indianapolis Colts",10.3809523809524,-2.53960108471535,23.3015058466202,0.376511053855559
"Tampa Bay Buccaneers-Indianapolis Colts",11.1904761904763,-1.73007727519153,24.111029656144,0.221630300259489
"Tennessee Titans-Indianapolis Colts",11.1428571428572,-1.77769632281059,24.063410608525,0.229372361874893
"Washington Football Team-Indianapolis Colts",8.19047619047625,-4.73007727519153,21.111029656144,0.860709308988995
"Kansas City Chiefs-Jacksonville Jaguars",2.09523809523815,-10.8253153704296,15.0157915609059,1
"Las Vegas Raiders-Jacksonville Jaguars",15.5238095238096,2.60325605814184,28.4443629894774,0.00254413279300714
"Los Angeles Chargers-Jacksonville Jaguars",5.00000000000004,-7.92055346566774,17.9205534656678,0.999922120310931
"Los Angeles Rams-Jacksonville Jaguars",5.42857142857146,-7.49198203709633,18.3491248942392,0.99960726183115
"Miami Dolphins-Jacksonville Jaguars",0.476190476190567,-12.4443629894772,13.3967439418584,1
"Minnesota Vikings-Jacksonville Jaguars",1.71428571428576,-11.206267751382,14.6348391799535,1
"New England Patriots-Jacksonville Jaguars",0.761904761904773,-12.158648703763,13.6824582275726,1
"New Orleans Saints-Jacksonville Jaguars",4.23809523809528,-8.6824582275725,17.1586487037631,0.999997878255837
"New York Giants-Jacksonville Jaguars",1.28571428571431,-11.6348391799535,14.2062677513821,1
"New York Jets-Jacksonville Jaguars",-0.523809523809426,-13.4443629894772,12.3967439418584,1
"Philadelphia Eagles-Jacksonville Jaguars",6.90476190476195,-6.01579156090584,19.8253153704297,0.980117744039282
"Pittsburgh Steelers-Jacksonville Jaguars",0.238095238095269,-12.6824582275725,13.1586487037631,1
"San Francisco 49ers-Jacksonville Jaguars",7.23809523809528,-5.6824582275725,20.1586487037631,0.963369033798955
"Seattle Seahawks-Jacksonville Jaguars",5.19047619047623,-7.73007727519155,18.111029656144,0.999834925551996
"Tampa Bay Buccaneers-Jacksonville Jaguars",6.00000000000005,-6.92055346566774,18.9205534656678,0.997651175984281
"Tennessee Titans-Jacksonville Jaguars",5.95238095238099,-6.96817251328679,18.8729344180488,0.997947071422758
"Washington Football Team-Jacksonville Jaguars",3.00000000000005,-9.92055346566774,15.9205534656678,0.999999999635653
"Las Vegas Raiders-Kansas City Chiefs",13.4285714285715,0.508017962903688,26.3491248942393,0.0297863470504525
"Los Angeles Chargers-Kansas City Chiefs",2.90476190476189,-10.0157915609059,15.8253153704297,0.999999999847054
"Los Angeles Rams-Kansas City Chiefs",3.33333333333331,-9.58722013233448,16.2538867990011,0.999999994157997
"Miami Dolphins-Kansas City Chiefs",-1.61904761904758,-14.5396010847154,11.3015058466202,1
"Minnesota Vikings-Kansas City Chiefs",-0.380952380952394,-13.3015058466202,12.5396010847154,1
"New England Patriots-Kansas City Chiefs",-1.33333333333338,-14.2538867990012,11.5872201323344,1
"New Orleans Saints-Kansas City Chiefs",2.14285714285713,-10.7776963228107,15.0634106085249,1
"New York Giants-Kansas City Chiefs",-0.809523809523846,-13.7300772751916,12.1110296561439,1
"New York Jets-Kansas City Chiefs",-2.61904761904758,-15.5396010847154,10.3015058466202,0.999999999991153
"Philadelphia Eagles-Kansas City Chiefs",4.8095238095238,-8.11102965614399,17.7300772751916,0.999965239002829
"Pittsburgh Steelers-Kansas City Chiefs",-1.85714285714288,-14.7776963228107,11.0634106085249,1
"San Francisco 49ers-Kansas City Chiefs",5.14285714285713,-7.77769632281065,18.0634106085249,0.999862506676476
"Seattle Seahawks-Kansas City Chiefs",3.09523809523808,-9.8253153704297,16.0157915609059,0.9999999991619
"Tampa Bay Buccaneers-Kansas City Chiefs",3.9047619047619,-9.01579156090589,16.8253153704297,0.999999693176751
"Tennessee Titans-Kansas City Chiefs",3.85714285714284,-9.06341060852495,16.7776963228106,0.999999772031382
"Washington Football Team-Kansas City Chiefs",0.904761904761898,-12.0157915609059,13.8253153704297,1
"Los Angeles Chargers-Las Vegas Raiders",-10.5238095238096,-23.4443629894774,2.3967439418582,0.345820484309333
"Los Angeles Rams-Las Vegas Raiders",-10.0952380952382,-23.015791560906,2.82531537042962,0.441292337187595
"Miami Dolphins-Las Vegas Raiders",-15.0476190476191,-27.9681725132868,-2.12706558195127,0.00464251210205591
"Minnesota Vikings-Las Vegas Raiders",-13.8095238095239,-26.7300772751917,-0.888970343856082,0.0197704507481804
"New England Patriots-Las Vegas Raiders",-14.7619047619049,-27.6824582275726,-1.84135129623707,0.0065845863153402
"New Orleans Saints-Las Vegas Raiders",-11.2857142857143,-24.2062677513821,1.63483917995344,0.206684485672911
"New York Giants-Las Vegas Raiders",-14.2380952380953,-27.1586487037631,-1.31754177242753,0.0122100143659865
"New York Jets-Las Vegas Raiders",-16.0476190476191,-28.9681725132868,-3.12706558195127,0.00127864572651215
"Philadelphia Eagles-Las Vegas Raiders",-8.61904761904768,-21.5396010847155,4.30150584662011,0.784278317149216
"Pittsburgh Steelers-Las Vegas Raiders",-15.2857142857144,-28.2062677513821,-2.36516082004657,0.00344678947318611
"San Francisco 49ers-Las Vegas Raiders",-8.28571428571434,-21.2062677513821,4.63483917995344,0.845295757492699
"Seattle Seahawks-Las Vegas Raiders",-10.3333333333334,-23.2538867990012,2.58722013233439,0.387013111605156
"Tampa Bay Buccaneers-Las Vegas Raiders",-9.52380952380958,-22.4443629894774,3.39674394185821,0.578885937488539
"Tennessee Titans-Las Vegas Raiders",-9.57142857142863,-22.4919820370964,3.34912489423915,0.567284896712041
"Washington Football Team-Las Vegas Raiders",-12.5238095238096,-25.4443629894774,0.39674394185821,0.0731524553793906
"Los Angeles Rams-Los Angeles Chargers",0.428571428571416,-12.4919820370964,13.3491248942392,1
"Miami Dolphins-Los Angeles Chargers",-4.52380952380948,-17.4443629894773,8.39674394185831,0.999990742867265
"Minnesota Vikings-Los Angeles Chargers",-3.28571428571428,-16.2062677513821,9.6348391799535,0.999999995977155
"New England Patriots-Los Angeles Chargers",-4.23809523809527,-17.1586487037631,8.68245822757252,0.999997878255837
"New Orleans Saints-Los Angeles Chargers",-0.761904761904759,-13.6824582275725,12.158648703763,1
"New York Giants-Los Angeles Chargers",-3.71428571428574,-16.6348391799535,9.20626775138205,0.999999909603718
"New York Jets-Los Angeles Chargers",-5.52380952380947,-18.4443629894773,7.39674394185832,0.999456126234725
"Philadelphia Eagles-Los Angeles Chargers",1.90476190476191,-11.0157915609059,14.8253153704297,1
"Pittsburgh Steelers-Los Angeles Chargers",-4.76190476190477,-17.6824582275726,8.15864870376301,0.999971845923838
"San Francisco 49ers-Los Angeles Chargers",2.23809523809524,-10.6824582275725,15.158648703763,1
"Seattle Seahawks-Los Angeles Chargers",0.19047619047619,-12.7300772751916,13.111029656144,1
"Tampa Bay Buccaneers-Los Angeles Chargers",1.00000000000001,-11.9205534656678,13.9205534656678,1
"Tennessee Titans-Los Angeles Chargers",0.952380952380949,-11.9681725132868,13.8729344180487,1
"Washington Football Team-Los Angeles Chargers",-1.99999999999999,-14.9205534656678,10.9205534656678,1
"Miami Dolphins-Los Angeles Rams",-4.95238095238089,-17.8729344180487,7.96817251328689,0.99993600215789
"Minnesota Vikings-Los Angeles Rams",-3.7142857142857,-16.6348391799535,9.20626775138208,0.999999909603718
"New England Patriots-Los Angeles Rams",-4.66666666666669,-17.5872201323345,8.2538867990011,0.999981741221003
"New Orleans Saints-Los Angeles Rams",-1.19047619047618,-14.111029656144,11.7300772751916,1
"New York Giants-Los Angeles Rams",-4.14285714285715,-17.0634106085249,8.77769632281063,0.999998748079358
"New York Jets-Los Angeles Rams",-5.95238095238089,-18.8729344180487,6.9681725132869,0.997947071422758
"Philadelphia Eagles-Los Angeles Rams",1.47619047619049,-11.4443629894773,14.3967439418583,1
"Pittsburgh Steelers-Los Angeles Rams",-5.19047619047619,-18.111029656144,7.7300772751916,0.999834925551997
"San Francisco 49ers-Los Angeles Rams",1.80952380952382,-11.111029656144,14.7300772751916,1
"Seattle Seahawks-Los Angeles Rams",-0.238095238095227,-13.158648703763,12.6824582275726,1
"Tampa Bay Buccaneers-Los Angeles Rams",0.571428571428591,-12.3491248942392,13.4919820370964,1
"Tennessee Titans-Los Angeles Rams",0.523809523809533,-12.3967439418583,13.4443629894773,1
"Washington Football Team-Los Angeles Rams",-2.42857142857141,-15.3491248942392,10.4919820370964,0.999999999999133
"Minnesota Vikings-Miami Dolphins",1.23809523809519,-11.6824582275726,14.158648703763,1
"New England Patriots-Miami Dolphins",0.285714285714207,-12.6348391799536,13.206267751382,1
"New Orleans Saints-Miami Dolphins",3.76190476190472,-9.15864870376307,16.6824582275725,0.99999987624529
"New York Giants-Miami Dolphins",0.809523809523739,-12.111029656144,13.7300772751915,1
"New York Jets-Miami Dolphins",-0.999999999999993,-13.9205534656678,11.9205534656678,1
"Philadelphia Eagles-Miami Dolphins",6.42857142857138,-6.4919820370964,19.3491248942392,0.992897050354685
"Pittsburgh Steelers-Miami Dolphins",-0.238095238095298,-13.1586487037631,12.6824582275725,1
"San Francisco 49ers-Miami Dolphins",6.76190476190472,-6.15864870376307,19.6824582275725,0.985100003240783
"Seattle Seahawks-Miami Dolphins",4.71428571428567,-8.20626775138212,17.6348391799535,0.999977283330845
"Tampa Bay Buccaneers-Miami Dolphins",5.52380952380948,-7.3967439418583,18.4443629894773,0.999456126234725
"Tennessee Titans-Miami Dolphins",5.47619047619042,-7.44436298947736,18.3967439418582,0.999537156602345
"Washington Football Team-Miami Dolphins",2.52380952380948,-10.3967439418583,15.4443629894773,0.999999999996963
"New England Patriots-Minnesota Vikings",-0.952380952380985,-13.8729344180488,11.9681725132868,1
"New Orleans Saints-Minnesota Vikings",2.52380952380953,-10.3967439418583,15.4443629894773,0.999999999996963
"New York Giants-Minnesota Vikings",-0.428571428571452,-13.3491248942392,12.4919820370963,1
"New York Jets-Minnesota Vikings",-2.23809523809518,-15.158648703763,10.6824582275726,1
"Philadelphia Eagles-Minnesota Vikings",5.19047619047619,-7.7300772751916,18.111029656144,0.999834925551997
"Pittsburgh Steelers-Minnesota Vikings",-1.47619047619049,-14.3967439418583,11.4443629894773,1
"San Francisco 49ers-Minnesota Vikings",5.52380952380953,-7.39674394185826,18.4443629894773,0.999456126234725
"Seattle Seahawks-Minnesota Vikings",3.47619047619047,-9.44436298947731,16.3967439418583,0.999999982854933
"Tampa Bay Buccaneers-Minnesota Vikings",4.28571428571429,-8.63483917995349,17.2062677513821,0.999997257296907
"Tennessee Titans-Minnesota Vikings",4.23809523809523,-8.68245822757255,17.158648703763,0.999997878255837
"Washington Football Team-Minnesota Vikings",1.28571428571429,-11.6348391799535,14.2062677513821,1
"New Orleans Saints-New England Patriots",3.47619047619051,-9.44436298947728,16.3967439418583,0.999999982854933
"New York Giants-New England Patriots",0.523809523809533,-12.3967439418583,13.4443629894773,1
"New York Jets-New England Patriots",-1.2857142857142,-14.206267751382,11.6348391799536,1
"Philadelphia Eagles-New England Patriots",6.14285714285717,-6.77769632281061,19.063410608525,0.996532682544419
"Pittsburgh Steelers-New England Patriots",-0.523809523809504,-13.4443629894773,12.3967439418583,1
"San Francisco 49ers-New England Patriots",6.47619047619051,-6.44436298947728,19.3967439418583,0.992055881699566
"Seattle Seahawks-New England Patriots",4.42857142857146,-8.49198203709633,17.3491248942392,0.999994234572917
"Tampa Bay Buccaneers-New England Patriots",5.23809523809528,-7.68245822757251,18.1586487037631,0.999802450663869
"Tennessee Titans-New England Patriots",5.19047619047622,-7.73007727519157,18.111029656144,0.999834925551996
"Washington Football Team-New England Patriots",2.23809523809528,-10.6824582275725,15.1586487037631,1
"New York Giants-New Orleans Saints",-2.95238095238098,-15.8729344180488,9.96817251328681,0.99999999976287
"New York Jets-New Orleans Saints",-4.76190476190471,-17.6824582275725,8.15864870376308,0.999971845923838
"Philadelphia Eagles-New Orleans Saints",2.66666666666666,-10.2538867990011,15.5872201323344,0.999999999985378
"Pittsburgh Steelers-New Orleans Saints",-4.00000000000001,-16.9205534656678,8.92055346566777,0.999999453120914
"San Francisco 49ers-New Orleans Saints",3,-9.92055346566779,15.9205534656678,0.999999999635653
"Seattle Seahawks-New Orleans Saints",0.952380952380949,-11.9681725132868,13.8729344180487,1
"Tampa Bay Buccaneers-New Orleans Saints",1.76190476190477,-11.158648703763,14.6824582275726,1
"Tennessee Titans-New Orleans Saints",1.71428571428571,-11.2062677513821,14.6348391799535,1
"Washington Football Team-New Orleans Saints",-1.23809523809523,-14.158648703763,11.6824582275726,1
"New York Jets-New York Giants",-1.80952380952373,-14.7300772751915,11.1110296561441,1
"Philadelphia Eagles-New York Giants",5.61904761904764,-7.30150584662014,18.5396010847154,0.999255424739699
"Pittsburgh Steelers-New York Giants",-1.04761904761904,-13.9681725132868,11.8729344180487,1
"San Francisco 49ers-New York Giants",5.95238095238098,-6.96817251328681,18.8729344180488,0.997947071422758
"Seattle Seahawks-New York Giants",3.90476190476193,-9.01579156090586,16.8253153704297,0.999999693176751
"Tampa Bay Buccaneers-New York Giants",4.71428571428574,-8.20626775138204,17.6348391799535,0.999977283330845
"Tennessee Titans-New York Giants",4.66666666666669,-8.2538867990011,17.5872201323345,0.999981741221003
"Washington Football Team-New York Giants",1.71428571428574,-11.206267751382,14.6348391799535,1
"Philadelphia Eagles-New York Jets",7.42857142857137,-5.49198203709641,20.3491248942392,0.949909609018042
"Pittsburgh Steelers-New York Jets",0.761904761904695,-12.1586487037631,13.6824582275725,1
"San Francisco 49ers-New York Jets",7.76190476190471,-5.15864870376308,20.6824582275725,0.918242749415496
"Seattle Seahawks-New York Jets",5.71428571428566,-7.20626775138213,18.6348391799534,0.998991916158356
"Tampa Bay Buccaneers-New York Jets",6.52380952380948,-6.39674394185831,19.4443629894773,0.991133573645718
"Tennessee Titans-New York Jets",6.47619047619042,-6.44436298947737,19.3967439418582,0.992055881699568
"Washington Football Team-New York Jets",3.52380952380948,-9.39674394185831,16.4443629894773,0.999999975785081
"Pittsburgh Steelers-Philadelphia Eagles",-6.66666666666668,-19.5872201323345,6.25388679900111,0.987822100563438
"San Francisco 49ers-Philadelphia Eagles",0.333333333333336,-12.5872201323344,13.2538867990011,1
"Seattle Seahawks-Philadelphia Eagles",-1.71428571428572,-14.6348391799535,11.2062677513821,1
"Tampa Bay Buccaneers-Philadelphia Eagles",-0.904761904761898,-13.8253153704297,12.0157915609059,1
"Tennessee Titans-Philadelphia Eagles",-0.952380952380956,-13.8729344180487,11.9681725132868,1
"Washington Football Team-Philadelphia Eagles",-3.9047619047619,-16.8253153704297,9.01579156090589,0.999999693176751
"San Francisco 49ers-Pittsburgh Steelers",7.00000000000001,-5.92055346566777,19.9205534656678,0.976119860561701
"Seattle Seahawks-Pittsburgh Steelers",4.95238095238096,-7.96817251328682,17.8729344180488,0.99993600215789
"Tampa Bay Buccaneers-Pittsburgh Steelers",5.76190476190478,-7.158648703763,18.6824582275726,0.998831762623774
"Tennessee Titans-Pittsburgh Steelers",5.71428571428572,-7.20626775138206,18.6348391799535,0.998991916158356
"Washington Football Team-Pittsburgh Steelers",2.76190476190478,-10.158648703763,15.6824582275726,0.999999999961263
"Seattle Seahawks-San Francisco 49ers",-2.04761904761905,-14.9681725132868,10.8729344180487,1
"Tampa Bay Buccaneers-San Francisco 49ers",-1.23809523809523,-14.158648703763,11.6824582275726,1
"Tennessee Titans-San Francisco 49ers",-1.28571428571429,-14.2062677513821,11.6348391799535,1
"Washington Football Team-San Francisco 49ers",-4.23809523809523,-17.158648703763,8.68245822757255,0.999997878255837
"Tampa Bay Buccaneers-Seattle Seahawks",0.809523809523817,-12.111029656144,13.7300772751916,1
"Tennessee Titans-Seattle Seahawks",0.761904761904759,-12.158648703763,13.6824582275725,1
"Washington Football Team-Seattle Seahawks",-2.19047619047618,-15.111029656144,10.7300772751916,1
"Tennessee Titans-Tampa Bay Buccaneers",-0.0476190476190581,-12.9681725132868,12.8729344180487,1
"Washington Football Team-Tampa Bay Buccaneers",-3,-15.9205534656678,9.92055346566779,0.999999999635653
"Washington Football Team-Tennessee Titans",-2.95238095238094,-15.8729344180487,9.96817251328684,0.99999999976287
